Date,Location,CompBenchmark,CompYoYChange,SFDetachBenchmark,SFDetachYoYChange,ApartBenchmark,ApartYoYChange
2015-07-01,Toronto C01,478800.0,2.99,679500.0,-3.51,395600.0,3.32
2015-08-01,Toronto C01,486000.0,4.92,702800.0,-0.7,402100.0,5.63
2015-09-01,Toronto C01,488200.0,7.12,687600.0,-1.02,405200.0,8.29
2015-10-01,Toronto C01,484500.0,5.22,696100.0,1.49,399400.0,5.38
2015-11-01,Toronto C01,483000.0,4.22,706700.0,0.0,396200.0,4.39
2015-12-01,Toronto C01,480600.0,2.21,725100.0,0.59,392500.0,1.89
2016-01-01,Toronto C01,479700.0,3.47,698200.0,-1.49,395000.0,3.95
2016-02-01,Toronto C01,482700.0,4.0,698900.0,-1.05,396800.0,4.21
2016-03-01,Toronto C01,490900.0,5.2,714800.0,4.81,403300.0,4.53
2016-04-01,Toronto C01,499600.0,6.22,726100.0,8.32,410800.0,5.28
2016-05-01,Toronto C01,512500.0,7.04,772400.0,14.55,418500.0,5.4
2016-06-01,Toronto C01,510000.0,7.69,794600.0,17.79,414900.0,5.9
2016-07-01,Toronto C01,516200.0,7.82,774800.0,14.03,423500.0,7.0
2016-08-01,Toronto C01,515900.0,6.17,750800.0,6.78,424500.0,5.59
2016-09-01,Toronto C01,525800.0,7.72,770600.0,12.01,433300.0,6.94
2016-10-01,Toronto C01,546600.0,12.84,793900.0,14.1,450300.0,12.77
2016-11-01,Toronto C01,545900.0,13.09,787200.0,11.39,449300.0,13.4
2016-12-01,Toronto C01,549600.0,14.39,805200.0,11.05,451200.0,15.02
2017-01-01,Toronto C01,564900.0,18.87,962200.0,15.55,466300.0,19.72
2017-02-01,Toronto C01,579100.0,20.15,974600.0,20.2,480100.0,21.11
2017-03-01,Toronto C01,617900.0,26.05,1009000.0,21.44,514600.0,27.75
2017-04-01,Toronto C01,643200.0,29.0,1044500.0,23.36,536100.0,30.64
2017-05-01,Toronto C01,643200.0,25.8,1060300.0,17.19,534600.0,27.82
2017-06-01,Toronto C01,650500.0,27.85,1086900.0,16.34,540900.0,30.42
2017-07-01,Toronto C01,631200.0,22.5,1031200.0,12.33,525300.0,24.04
2017-08-01,Toronto C01,630000.0,22.02,1006200.0,13.5,525900.0,23.95
2017-09-01,Toronto C01,633700.0,20.26,1008500.0,10.18,530300.0,22.39
2017-10-01,Toronto C01,647300.0,18.45,1023300.0,8.25,542700.0,20.47
2017-11-01,Toronto C01,654000.0,19.84,1074000.0,13.94,547100.0,21.78
2017-12-01,Toronto C01,659000.0,19.93,1068700.0,10.45,551500.0,22.19
2018-01-01,Toronto C01,657000.0,16.21,1036200.0,6.88,550900.0,18.07
2018-02-01,Toronto C01,685700.0,18.44,1075200.0,9.49,575600.0,19.9
2018-03-01,Toronto C01,687000.0,11.14,1056600.0,3.95,577500.0,12.22
2018-04-01,Toronto C01,702600.0,9.24,1079700.0,2.63,590800.0,10.21
2018-05-01,Toronto C01,708500.0,10.08,1074400.0,0.6,596500.0,11.52
2018-06-01,Toronto C01,703600.0,8.15,1058100.0,-2.65,592300.0,9.51
2018-07-01,Toronto C01,704100.0,11.54,1056200.0,2.42,593100.0,12.92
2018-08-01,Toronto C01,710600.0,13.09,1061900.0,5.53,600800.0,14.25
2018-09-01,Toronto C01,715600.0,13.21,1107000.0,9.76,603500.0,13.82
2018-10-01,Toronto C01,720800.0,11.63,1141400.0,11.55,606500.0,11.74
2018-11-01,Toronto C01,709400.0,8.75,1171000.0,9.03,595800.0,8.9
2018-12-01,Toronto C01,729600.0,11.02,1146700.0,7.3,615200.0,11.55
2019-01-01,Toronto C01,719500.0,9.76,1116800.0,7.79,607300.0,10.24
2019-02-01,Toronto C01,747700.0,9.28,1130500.0,5.14,633100.0,9.98
2019-03-01,Toronto C01,748400.0,9.23,1177400.0,11.43,631900.0,9.41
2019-04-01,Toronto C01,752400.0,7.37,1183100.0,9.58,635200.0,7.51
2019-05-01,Toronto C01,761300.0,7.73,1177400.0,9.59,643700.0,7.92
2019-06-01,Toronto C01,764000.0,8.87,1185000.0,11.99,646000.0,9.07
2019-07-01,Toronto C01,768700.0,9.47,1175900.0,11.37,651000.0,9.76
2019-08-01,Toronto C01,769200.0,8.24,1172900.0,10.45,651600.0,8.45
2019-09-01,Toronto C01,769400.0,7.53,1160000.0,4.79,652300.0,8.07
2019-10-01,Toronto C01,780800.0,8.33,1189200.0,4.18,661600.0,9.1
2019-11-01,Toronto C01,790900.0,11.49,1216800.0,3.91,671400.0,12.68
2019-12-01,Toronto C01,794400.0,8.87,1160000.0,1.16,676000.0,9.88
2020-01-01,Toronto C01,800800.0,11.3,1212600.0,8.58,680200.0,12.0
2020-02-01,Toronto C01,824300.0,10.24,1251600.0,10.72,699900.0,10.56
2020-03-01,Toronto C01,845800.0,13.01,1299000.0,10.32,718000.0,13.64
2020-04-01,Toronto C01,841300.0,11.82,1241000.0,5.0,714700.0,12.56
2020-05-01,Toronto C01,837300.0,10.0,1214900.0,3.18,711800.0,10.58
2020-06-01,Toronto C01,808600.0,5.89,1175600.0,-0.8,686400.0,6.25
2020-07-01,Toronto C01,813300.0,5.85,1257700.0,6.96,687000.0,5.53
2020-08-01,Toronto C01,813600.0,5.78,1264200.0,7.78,686600.0,5.37
2020-09-01,Toronto C01,805200.0,4.72,1231200.0,6.14,679700.0,4.21
2020-10-01,Toronto C01,786400.0,0.76,1221000.0,2.68,661200.0,-0.06
2020-11-01,Toronto C01,775800.0,-1.91,1227400.0,0.87,651400.0,-2.98
2020-12-01,Toronto C01,763700.0,-3.89,1191100.0,2.74,641800.0,-5.05
2021-01-01,Toronto C01,765100.0,-4.47,1223300.0,0.87,642100.0,-5.63
2021-02-01,Toronto C01,784200.0,-4.88,1270600.0,1.54,657900.0,-6.04
2021-03-01,Toronto C01,814300.0,-3.77,1310400.0,0.93,684100.0,-4.73
2015-07-01,Toronto C02,928300.0,3.38,1443400.0,4.3,527400.0,0.64
2015-08-01,Toronto C02,906900.0,2.25,1395000.0,3.29,520900.0,1.03
2015-09-01,Toronto C02,922100.0,3.74,1407700.0,2.19,534900.0,5.04
2015-10-01,Toronto C02,924500.0,3.34,1441800.0,5.69,519300.0,-0.53
2015-11-01,Toronto C02,946800.0,6.86,1475900.0,7.32,534000.0,4.76
2015-12-01,Toronto C02,937700.0,6.64,1474300.0,8.39,517000.0,2.26
2016-01-01,Toronto C02,947200.0,5.78,1547200.0,10.91,537400.0,4.96
2016-02-01,Toronto C02,938200.0,5.61,1446500.0,3.93,527700.0,3.56
2016-03-01,Toronto C02,953900.0,4.85,1471900.0,3.4,534100.0,2.35
2016-04-01,Toronto C02,967600.0,3.56,1540800.0,5.82,514300.0,-4.7
2016-05-01,Toronto C02,1002300.0,6.29,1572500.0,6.9,543900.0,0.83
2016-06-01,Toronto C02,1019400.0,9.15,1607400.0,11.55,557800.0,4.0
2016-07-01,Toronto C02,1038400.0,11.87,1632800.0,13.12,568600.0,7.88
2016-08-01,Toronto C02,1054100.0,16.29,1625600.0,16.6,591500.0,13.54
2016-09-01,Toronto C02,1054100.0,14.26,1632000.0,16.0,599600.0,12.04
2016-10-01,Toronto C02,1056900.0,14.33,1641500.0,13.85,603300.0,16.17
2016-11-01,Toronto C02,1056000.0,11.53,1638300.0,11.01,603000.0,12.9
2016-12-01,Toronto C02,1068800.0,14.03,1662100.0,12.68,601900.0,16.4
2017-01-01,Toronto C02,1100700.0,14.39,1692700.0,13.79,627400.0,15.05
2017-02-01,Toronto C02,1138500.0,19.15,1701400.0,16.68,658200.0,21.39
2017-03-01,Toronto C02,1149100.0,18.47,1788600.0,21.01,645300.0,17.54
2017-04-01,Toronto C02,1190300.0,21.46,1901100.0,23.2,648700.0,22.68
2017-05-01,Toronto C02,1215200.0,19.5,1955700.0,23.33,665800.0,19.23
2017-06-01,Toronto C02,1222100.0,17.53,1948700.0,19.44,683200.0,19.36
2017-07-01,Toronto C02,1218300.0,15.98,1892000.0,13.79,695100.0,19.32
2017-08-01,Toronto C02,1166100.0,8.45,1791300.0,8.36,668900.0,10.29
2017-09-01,Toronto C02,1175700.0,9.1,1754500.0,5.53,689100.0,12.3
2017-10-01,Toronto C02,1166100.0,7.59,1752100.0,4.33,681200.0,10.18
2017-11-01,Toronto C02,1187200.0,9.58,1776100.0,5.96,698000.0,13.01
2017-12-01,Toronto C02,1168500.0,7.1,1749800.0,3.69,687700.0,11.6
2018-01-01,Toronto C02,1178600.0,6.53,1758500.0,2.9,700800.0,11.72
2018-02-01,Toronto C02,1179000.0,3.48,1774500.0,3.25,694800.0,5.72
2018-03-01,Toronto C02,1196300.0,3.73,1796100.0,-0.49,703100.0,8.96
2018-04-01,Toronto C02,1255600.0,5.25,1890400.0,-1.46,734200.0,13.18
2018-05-01,Toronto C02,1239800.0,1.69,1883200.0,-4.57,719300.0,8.09
2018-06-01,Toronto C02,1253700.0,2.58,1868800.0,-4.1,735900.0,7.71
2018-07-01,Toronto C02,1241700.0,1.92,1850400.0,-2.2,733900.0,5.57
2018-08-01,Toronto C02,1244500.0,6.52,1837600.0,2.59,733000.0,9.58
2018-09-01,Toronto C02,1236900.0,4.92,1845600.0,5.19,733600.0,6.32
2018-10-01,Toronto C02,1270400.0,8.74,1899200.0,8.39,756100.0,11.0
2018-11-01,Toronto C02,1258900.0,5.84,1894400.0,6.66,745000.0,6.73
2018-12-01,Toronto C02,1274300.0,8.8,1848000.0,5.62,772300.0,12.26
2019-01-01,Toronto C02,1236900.0,4.75,1816900.0,3.32,737300.0,5.2
2019-02-01,Toronto C02,1262800.0,6.9,1767300.0,-0.41,769800.0,10.78
2019-03-01,Toronto C02,1295800.0,8.12,1839200.0,2.4,789400.0,12.28
2019-04-01,Toronto C02,1301600.0,3.47,1843200.0,-2.49,791100.0,7.76
2019-05-01,Toronto C02,1326000.0,6.75,1850400.0,-1.74,816500.0,13.5
2019-06-01,Toronto C02,1336100.0,6.37,1898400.0,1.58,816800.0,10.99
2019-07-01,Toronto C02,1322700.0,6.32,1939100.0,4.7,796600.0,8.54
2019-08-01,Toronto C02,1322200.0,6.24,1904800.0,3.65,801400.0,9.33
2019-09-01,Toronto C02,1307800.0,5.73,1916700.0,3.85,785700.0,7.11
2019-10-01,Toronto C02,1329800.0,4.68,1922300.0,1.22,807400.0,6.78
2019-11-01,Toronto C02,1359600.0,7.99,1938300.0,2.32,835000.0,12.08
2019-12-01,Toronto C02,1361000.0,6.81,1959900.0,6.05,829300.0,7.38
2020-01-01,Toronto C02,1354800.0,9.53,2007000.0,10.47,814200.0,10.43
2020-02-01,Toronto C02,1370600.0,8.54,2005400.0,13.47,827000.0,7.44
2020-03-01,Toronto C02,1373000.0,5.95,1999000.0,8.69,833000.0,5.52
2020-04-01,Toronto C02,1367200.0,5.08,2017400.0,9.4,826800.0,4.5
2020-05-01,Toronto C02,1363200.0,2.05,2003100.0,8.25,816800.0,0.03
2020-06-01,Toronto C02,1343000.0,-0.21,1982300.0,4.42,799400.0,-2.13
2020-07-01,Toronto C02,1423800.0,7.02,2117300.0,9.19,848100.0,6.47
2020-08-01,Toronto C02,1418100.0,6.43,2115700.0,11.07,837600.0,4.51
2020-09-01,Toronto C02,1410400.0,7.21,2085400.0,8.8,837600.0,6.6
2020-10-01,Toronto C02,1399300.0,4.64,2070200.0,7.69,831600.0,3.0
2020-11-01,Toronto C02,1423300.0,4.01,2108500.0,8.78,850100.0,1.81
2020-12-01,Toronto C02,1413700.0,3.34,2112500.0,7.83,838400.0,1.1
2021-01-01,Toronto C02,1409400.0,3.32,2166900.0,8.05,822200.0,1.02
2021-02-01,Toronto C02,1428200.0,3.45,2198800.0,9.82,835900.0,1.03
2021-03-01,Toronto C02,1471500.0,6.4,2317900.0,16.09,849500.0,1.98
2015-07-01,Toronto C03,1068000.0,8.02,1225800.0,7.73,526800.0,2.36
2015-08-01,Toronto C03,1056100.0,9.27,1208400.0,8.73,540000.0,4.66
2015-09-01,Toronto C03,1058200.0,8.04,1207800.0,7.45,541300.0,5.18
2015-10-01,Toronto C03,1077200.0,9.81,1231900.0,9.6,555600.0,6.1
2015-11-01,Toronto C03,1089600.0,9.24,1242700.0,9.27,569100.0,5.23
2015-12-01,Toronto C03,1081300.0,9.2,1237300.0,9.96,550300.0,0.1
2016-01-01,Toronto C03,1072600.0,8.04,1265100.0,11.47,490400.0,-9.51
2016-02-01,Toronto C03,1090600.0,8.28,1237300.0,7.77,577000.0,5.81
2016-03-01,Toronto C03,1103000.0,6.88,1253600.0,6.07,572000.0,6.55
2016-04-01,Toronto C03,1134400.0,8.95,1287400.0,7.5,597900.0,13.95
2016-05-01,Toronto C03,1189000.0,12.85,1359700.0,12.91,604200.0,12.6
2016-06-01,Toronto C03,1209500.0,13.8,1388600.0,14.57,611600.0,12.87
2016-07-01,Toronto C03,1232100.0,15.37,1415100.0,15.49,620800.0,17.74
2016-08-01,Toronto C03,1233700.0,16.76,1426600.0,18.0,604000.0,11.84
2016-09-01,Toronto C03,1240400.0,17.16,1437400.0,18.95,607700.0,12.14
2016-10-01,Toronto C03,1246100.0,15.73,1453700.0,18.0,602900.0,8.61
2016-11-01,Toronto C03,1254800.0,15.16,1461500.0,17.55,606300.0,6.64
2016-12-01,Toronto C03,1271800.0,17.61,1459700.0,17.97,642000.0,16.71
2017-01-01,Toronto C03,1318100.0,18.84,1493800.0,17.8,692100.0,22.14
2017-02-01,Toronto C03,1336900.0,20.31,1517100.0,20.81,705000.0,19.64
2017-03-01,Toronto C03,1429400.0,26.96,1623200.0,27.52,735200.0,24.83
2017-04-01,Toronto C03,1519300.0,31.05,1734900.0,32.65,769700.0,24.83
2017-05-01,Toronto C03,1555800.0,27.92,1774700.0,28.52,794900.0,26.34
2017-06-01,Toronto C03,1554400.0,25.6,1767500.0,25.1,814400.0,28.04
2017-07-01,Toronto C03,1513600.0,20.12,1681500.0,16.82,838100.0,30.04
2017-08-01,Toronto C03,1441000.0,14.07,1596600.0,10.13,802000.0,26.46
2017-09-01,Toronto C03,1412700.0,11.1,1556700.0,6.43,788600.0,23.22
2017-10-01,Toronto C03,1436800.0,12.39,1577000.0,6.78,807300.0,25.62
2017-11-01,Toronto C03,1459300.0,13.32,1613200.0,8.52,804100.0,24.57
2017-12-01,Toronto C03,1460300.0,11.81,1607100.0,8.19,815400.0,20.16
2018-01-01,Toronto C03,1456700.0,10.42,1592300.0,6.36,828900.0,19.9
2018-02-01,Toronto C03,1493300.0,11.61,1629800.0,7.24,850700.0,20.76
2018-03-01,Toronto C03,1520400.0,6.29,1658100.0,1.97,864100.0,17.53
2018-04-01,Toronto C03,1535100.0,0.96,1690700.0,-2.76,842000.0,9.4
2018-05-01,Toronto C03,1541400.0,-1.01,1683900.0,-5.29,867300.0,9.1
2018-06-01,Toronto C03,1531900.0,-1.45,1663000.0,-5.91,881200.0,8.2
2018-07-01,Toronto C03,1522500.0,0.59,1646400.0,-2.08,874100.0,4.3
2018-08-01,Toronto C03,1514700.0,5.19,1645800.0,3.08,866600.0,8.55
2018-09-01,Toronto C03,1518900.0,6.72,1651300.0,6.08,874200.0,8.44
2018-10-01,Toronto C03,1563800.0,8.87,1712200.0,8.57,877100.0,9.01
2018-11-01,Toronto C03,1565300.0,7.3,1699900.0,5.37,889900.0,11.07
2018-12-01,Toronto C03,1530300.0,4.91,1671600.0,4.02,856400.0,5.61
2019-01-01,Toronto C03,1500600.0,3.01,1631700.0,2.47,842600.0,1.93
2019-02-01,Toronto C03,1525600.0,2.2,1646400.0,1.02,869800.0,2.59
2019-03-01,Toronto C03,1558000.0,2.51,1711000.0,3.19,856900.0,-0.46
2019-04-01,Toronto C03,1574700.0,2.59,1697400.0,0.4,895700.0,6.67
2019-05-01,Toronto C03,1572600.0,2.1,1695000.0,0.66,897500.0,3.97
2019-06-01,Toronto C03,1598200.0,4.44,1721400.0,3.51,913200.0,4.21
2019-07-01,Toronto C03,1606600.0,5.56,1752700.0,6.46,898500.0,3.12
2019-08-01,Toronto C03,1587800.0,4.83,1739800.0,5.71,883100.0,1.9
2019-09-01,Toronto C03,1574700.0,3.68,1728800.0,4.69,870000.0,-0.48
2019-10-01,Toronto C03,1588800.0,1.6,1731800.0,1.15,889100.0,1.37
2019-11-01,Toronto C03,1595100.0,1.9,1741700.0,2.46,897000.0,0.79
2019-12-01,Toronto C03,1600300.0,4.57,1755800.0,5.04,891700.0,4.12
2020-01-01,Toronto C03,1623800.0,8.21,1793300.0,9.91,888100.0,5.4
2020-02-01,Toronto C03,1647900.0,8.01,1816000.0,10.3,909300.0,4.54
2020-03-01,Toronto C03,1655700.0,6.27,1819700.0,6.36,911900.0,6.41
2020-04-01,Toronto C03,1688600.0,7.23,1849800.0,8.98,940100.0,4.93
2020-05-01,Toronto C03,1679600.0,6.81,1835700.0,8.3,943800.0,5.16
2020-06-01,Toronto C03,1688000.0,5.62,1827100.0,6.14,973400.0,6.59
2020-07-01,Toronto C03,1749100.0,8.88,1923500.0,9.75,967300.0,7.66
2020-08-01,Toronto C03,1736600.0,9.34,1926600.0,10.74,937800.0,6.19
2020-09-01,Toronto C03,1712500.0,8.76,1888500.0,9.24,940400.0,8.09
2020-10-01,Toronto C03,1723500.0,8.48,1897700.0,9.58,967100.0,8.77
2020-11-01,Toronto C03,1755900.0,10.09,1939500.0,11.36,973900.0,8.57
2020-12-01,Toronto C03,1748600.0,9.13,1937100.0,10.33,961300.0,7.24
2021-01-01,Toronto C03,1791400.0,10.32,1997900.0,11.49,960300.0,8.07
2021-02-01,Toronto C03,1861900.0,12.96,2062400.0,13.57,1005500.0,10.33
2021-03-01,Toronto C03,1913100.0,15.52,2157700.0,18.57,985100.0,7.88
2015-07-01,Toronto C04,1142500.0,7.84,1342900.0,9.46,350400.0,-2.71
2015-08-01,Toronto C04,1136300.0,9.56,1330300.0,11.16,355700.0,0.13
2015-09-01,Toronto C04,1141200.0,10.23,1335900.0,11.36,357800.0,3.29
2015-10-01,Toronto C04,1164200.0,12.99,1347100.0,12.17,384400.0,14.84
2015-11-01,Toronto C04,1188300.0,14.3,1371500.0,12.76,395800.0,19.35
2015-12-01,Toronto C04,1179000.0,13.34,1371500.0,12.89,376100.0,12.76
2016-01-01,Toronto C04,1202000.0,15.41,1405700.0,15.51,374100.0,12.75
2016-02-01,Toronto C04,1202600.0,13.44,1403600.0,13.32,374900.0,11.37
2016-03-01,Toronto C04,1192700.0,9.0,1400800.0,9.33,358700.0,4.28
2016-04-01,Toronto C04,1233000.0,10.49,1451800.0,11.31,364200.0,2.89
2016-05-01,Toronto C04,1280100.0,13.21,1500100.0,13.42,385800.0,8.06
2016-06-01,Toronto C04,1282600.0,12.26,1498000.0,12.2,392200.0,8.27
2016-07-01,Toronto C04,1298600.0,13.67,1514800.0,12.81,399900.0,14.19
2016-08-01,Toronto C04,1313600.0,15.59,1544100.0,16.08,389400.0,9.49
2016-09-01,Toronto C04,1334600.0,16.94,1567900.0,17.43,394800.0,10.37
2016-10-01,Toronto C04,1376100.0,18.2,1614700.0,19.88,412200.0,7.24
2016-11-01,Toronto C04,1397800.0,17.68,1640600.0,19.68,417200.0,5.41
2016-12-01,Toronto C04,1406500.0,19.29,1631500.0,18.96,448300.0,19.22
2017-01-01,Toronto C04,1403500.0,18.14,1650400.0,17.44,443600.0,21.24
2017-02-01,Toronto C04,1437400.0,20.06,1693900.0,19.52,450300.0,23.93
2017-03-01,Toronto C04,1515600.0,27.84,1801400.0,27.42,453800.0,30.54
2017-04-01,Toronto C04,1570400.0,28.08,1856900.0,26.75,482200.0,36.27
2017-05-01,Toronto C04,1574700.0,23.77,1859700.0,22.82,492600.0,31.73
2017-06-01,Toronto C04,1565700.0,22.32,1846600.0,21.57,495900.0,30.33
2017-07-01,Toronto C04,1523700.0,17.68,1774800.0,15.5,506300.0,30.45
2017-08-01,Toronto C04,1485400.0,13.43,1709900.0,9.18,517600.0,36.8
2017-09-01,Toronto C04,1485400.0,12.11,1717700.0,8.55,508800.0,32.29
2017-10-01,Toronto C04,1516300.0,10.58,1762800.0,7.61,506700.0,26.79
2017-11-01,Toronto C04,1495300.0,7.4,1727600.0,3.77,515500.0,27.37
2017-12-01,Toronto C04,1518200.0,8.18,1753600.0,5.91,523400.0,20.44
2018-01-01,Toronto C04,1517500.0,7.9,1748000.0,5.53,527800.0,18.98
2018-02-01,Toronto C04,1524300.0,5.83,1764900.0,3.81,525300.0,16.64
2018-03-01,Toronto C04,1513200.0,-0.41,1736700.0,-3.9,540700.0,19.16
2018-04-01,Toronto C04,1495300.0,-5.02,1702900.0,-8.62,545400.0,13.09
2018-05-01,Toronto C04,1516300.0,-3.95,1740200.0,-6.72,539800.0,9.63
2018-06-01,Toronto C04,1521200.0,-2.84,1750100.0,-5.23,538900.0,8.68
2018-07-01,Toronto C04,1524300.0,0.04,1755700.0,-1.07,540500.0,6.76
2018-08-01,Toronto C04,1497800.0,0.83,1720500.0,0.62,535400.0,3.44
2018-09-01,Toronto C04,1515700.0,2.04,1750100.0,1.89,533100.0,4.77
2018-10-01,Toronto C04,1545900.0,1.95,1778300.0,0.88,544700.0,7.49
2018-11-01,Toronto C04,1554600.0,3.96,1791000.0,3.67,547900.0,6.28
2018-12-01,Toronto C04,1512000.0,-0.41,1738800.0,-0.84,539800.0,3.14
2019-01-01,Toronto C04,1505200.0,-0.81,1738100.0,-0.56,530600.0,0.53
2019-02-01,Toronto C04,1542800.0,1.21,1788900.0,1.36,538700.0,2.55
2019-03-01,Toronto C04,1529900.0,1.1,1766300.0,1.7,537000.0,-0.68
2019-04-01,Toronto C04,1528600.0,2.23,1752200.0,2.9,549100.0,0.68
2019-05-01,Toronto C04,1537300.0,1.38,1764200.0,1.38,550700.0,2.01
2019-06-01,Toronto C04,1524900.0,0.24,1732500.0,-1.01,562700.0,4.42
2019-07-01,Toronto C04,1516900.0,-0.45,1725400.0,-1.69,558600.0,3.29
2019-08-01,Toronto C04,1510100.0,0.82,1712800.0,-0.45,562300.0,5.01
2019-09-01,Toronto C04,1520600.0,0.33,1732500.0,-1.01,559300.0,4.9
2019-10-01,Toronto C04,1526200.0,-1.28,1736000.0,-2.38,563600.0,3.48
2019-11-01,Toronto C04,1540400.0,-0.91,1757900.0,-1.85,564100.0,2.95
2019-12-01,Toronto C04,1537300.0,1.67,1766300.0,1.58,557900.0,3.34
2020-01-01,Toronto C04,1529300.0,1.6,1738100.0,,567800.0,7.02
2020-02-01,Toronto C04,1570600.0,1.8,1780400.0,-0.47,581900.0,8.03
2020-03-01,Toronto C04,1592800.0,4.11,1811400.0,2.55,586100.0,9.13
2020-04-01,Toronto C04,1603900.0,4.93,1820600.0,3.9,593000.0,8.05
2020-05-01,Toronto C04,1612800.0,6.23,1831200.0,3.79,661500.0,13.08
2020-06-01,Toronto C04,1588500.0,5.06,1791000.0,3.38,669000.0,9.74
2020-07-01,Toronto C04,1589800.0,6.11,1805800.0,4.65,663700.0,11.66
2020-08-01,Toronto C04,1623400.0,8.8,1851600.0,8.06,661000.0,10.31
2020-09-01,Toronto C04,1629600.0,8.36,1868500.0,7.85,656700.0,9.79
2020-10-01,Toronto C04,1627700.0,8.24,1850200.0,6.57,668500.0,12.37
2020-11-01,Toronto C04,1608400.0,6.12,1838200.0,4.61,648700.0,9.53
2020-12-01,Toronto C04,1617800.0,6.12,1854400.0,4.99,652700.0,8.25
2021-01-01,Toronto C04,1652600.0,8.86,1905100.0,9.65,654800.0,5.93
2021-02-01,Toronto C04,1719900.0,10.74,1972800.0,10.8,685300.0,10.29
2021-03-01,Toronto C04,1718000.0,8.24,1995300.0,10.11,653200.0,1.33
2015-07-01,Toronto C06,772300.0,8.4,868500.0,12.1,401800.0,1.85
2015-08-01,Toronto C06,779100.0,7.6,877900.0,12.32,406000.0,0.11
2015-09-01,Toronto C06,786300.0,8.96,883900.0,11.26,407100.0,4.01
2015-10-01,Toronto C06,790300.0,10.06,892400.0,12.22,407100.0,5.32
2015-11-01,Toronto C06,794300.0,10.37,889000.0,11.19,413000.0,7.17
2015-12-01,Toronto C06,809800.0,13.53,902700.0,13.08,424100.0,12.82
2016-01-01,Toronto C06,815000.0,13.25,917200.0,13.39,420500.0,11.69
2016-02-01,Toronto C06,801800.0,10.56,921500.0,13.98,406200.0,5.03
2016-03-01,Toronto C06,822100.0,12.19,942900.0,15.1,418300.0,8.61
2016-04-01,Toronto C06,848500.0,13.87,972000.0,16.58,433100.0,10.74
2016-05-01,Toronto C06,907100.0,18.13,1061900.0,24.11,446000.0,9.26
2016-06-01,Toronto C06,927400.0,19.41,1097400.0,25.75,445100.0,10.42
2016-07-01,Toronto C06,942300.0,22.0,1130400.0,30.16,440700.0,9.69
2016-08-01,Toronto C06,944200.0,21.2,1143600.0,30.28,428900.0,5.66
2016-09-01,Toronto C06,949800.0,20.86,1148800.0,29.98,437800.0,7.55
2016-10-01,Toronto C06,953000.0,20.6,1138100.0,27.53,450800.0,10.76
2016-11-01,Toronto C06,979300.0,23.37,1162900.0,30.81,462800.0,12.04
2016-12-01,Toronto C06,980900.0,21.19,1167200.0,29.36,467400.0,10.22
2017-01-01,Toronto C06,987100.0,23.45,1204500.0,30.62,477100.0,13.53
2017-02-01,Toronto C06,1008300.0,27.36,1213900.0,30.19,498300.0,22.58
2017-03-01,Toronto C06,1054000.0,29.65,1249800.0,30.8,531900.0,26.98
2017-04-01,Toronto C06,1119000.0,33.07,1333500.0,35.15,559800.0,29.07
2017-05-01,Toronto C06,1157200.0,28.35,1384300.0,27.5,575300.0,28.89
2017-06-01,Toronto C06,1145300.0,26.66,1380900.0,23.3,586300.0,31.56
2017-07-01,Toronto C06,1081000.0,17.98,1267700.0,9.76,572100.0,29.67
2017-08-01,Toronto C06,1060400.0,15.43,1235700.0,5.58,566600.0,31.93
2017-09-01,Toronto C06,1044000.0,12.84,1204900.0,3.03,566400.0,29.21
2017-10-01,Toronto C06,1017600.0,9.1,1132700.0,-2.89,575000.0,27.39
2017-11-01,Toronto C06,1015600.0,6.36,1122500.0,-5.47,578500.0,24.87
2017-12-01,Toronto C06,1031200.0,7.42,1132300.0,-5.22,591600.0,26.48
2018-01-01,Toronto C06,1044000.0,7.45,1121200.0,-6.82,613000.0,28.51
2018-02-01,Toronto C06,1055300.0,6.32,1131900.0,-6.72,620100.0,24.46
2018-03-01,Toronto C06,1056900.0,1.76,1117300.0,-10.59,629200.0,18.3
2018-04-01,Toronto C06,1028500.0,-6.65,1098600.0,-17.62,604000.0,7.9
2018-05-01,Toronto C06,1078700.0,-5.33,1143000.0,-17.43,640500.0,11.34
2018-06-01,Toronto C06,1084100.0,-5.34,1146400.0,-16.98,644400.0,9.92
2018-07-01,Toronto C06,1070100.0,-1.01,1127200.0,-11.08,637600.0,11.44
2018-08-01,Toronto C06,1053000.0,-0.7,1106200.0,-10.47,628100.0,10.85
2018-09-01,Toronto C06,1044000.0,0.0,1102000.0,-8.54,620600.0,9.57
2018-10-01,Toronto C06,1041300.0,2.33,1076300.0,-4.98,629800.0,9.54
2018-11-01,Toronto C06,1053800.0,3.76,1073800.0,-4.34,643100.0,11.16
2018-12-01,Toronto C06,1046400.0,1.47,1055000.0,-6.83,643600.0,8.79
2019-01-01,Toronto C06,1048700.0,0.45,1063100.0,-5.18,642700.0,4.83
2019-02-01,Toronto C06,1048700.0,-0.63,1064000.0,-6.0,641300.0,3.42
2019-03-01,Toronto C06,1087700.0,2.91,1093900.0,-2.1,671900.0,6.78
2019-04-01,Toronto C06,1093900.0,6.36,1105400.0,0.62,671600.0,11.2
2019-05-01,Toronto C06,1110200.0,2.92,1129300.0,-1.2,678300.0,5.9
2019-06-01,Toronto C06,1097400.0,1.22,1099800.0,-4.06,677200.0,5.08
2019-07-01,Toronto C06,1105200.0,3.24,1098600.0,-2.58,685800.0,7.56
2019-08-01,Toronto C06,1097000.0,4.18,1074200.0,-2.9,684900.0,9.05
2019-09-01,Toronto C06,1093900.0,4.77,1066500.0,-3.22,682900.0,10.05
2019-10-01,Toronto C06,1126200.0,8.15,1082300.0,0.56,710300.0,12.78
2019-11-01,Toronto C06,1129300.0,7.17,1111800.0,3.54,699700.0,8.8
2019-12-01,Toronto C06,1137900.0,8.75,1125900.0,6.72,702800.0,9.21
2020-01-01,Toronto C06,1125000.0,7.28,1124600.0,5.79,689300.0,7.26
2020-02-01,Toronto C06,1158500.0,10.47,1147700.0,7.87,716800.0,11.76
2020-03-01,Toronto C06,1185800.0,9.02,1168600.0,6.83,737300.0,9.74
2020-04-01,Toronto C06,1188100.0,8.65,1167700.0,5.64,740000.0,10.17
2020-05-01,Toronto C06,1199800.0,8.07,1151000.0,1.93,757500.0,11.67
2020-06-01,Toronto C06,1175700.0,7.13,1117300.0,1.59,746600.0,10.25
2020-07-01,Toronto C06,1167100.0,5.6,1193800.0,8.63,705500.0,2.87
2020-08-01,Toronto C06,1167900.0,6.46,1215100.0,13.12,699500.0,2.13
2020-09-01,Toronto C06,1160100.0,6.05,1193300.0,11.89,701900.0,2.78
2020-10-01,Toronto C06,1141400.0,1.35,1192500.0,10.18,682000.0,-3.99
2020-11-01,Toronto C06,1119600.0,-0.86,1180500.0,6.14,663200.0,-5.21
2020-12-01,Toronto C06,1139900.0,0.17,1195900.0,6.22,678300.0,-3.49
2021-01-01,Toronto C06,1134000.0,0.8,1253100.0,11.43,645300.0,-6.38
2021-02-01,Toronto C06,1178800.0,1.85,1289400.0,12.48,677800.0,-5.43
2021-03-01,Toronto C06,1243500.0,4.89,1339800.0,14.66,727200.0,-1.38
2015-07-01,Toronto C07,620300.0,7.5,992500.0,12.92,360400.0,1.32
2015-08-01,Toronto C07,619900.0,7.95,992900.0,12.04,361300.0,3.44
2015-09-01,Toronto C07,633300.0,10.02,1014000.0,13.24,368900.0,6.82
2015-10-01,Toronto C07,644700.0,12.8,1037300.0,15.85,369800.0,8.65
2015-11-01,Toronto C07,639800.0,9.65,1037300.0,15.44,362500.0,2.19
2015-12-01,Toronto C07,655000.0,11.46,1059800.0,16.62,374300.0,5.79
2016-01-01,Toronto C07,693900.0,18.54,1095500.0,19.47,415100.0,19.05
2016-02-01,Toronto C07,664000.0,13.57,1084100.0,18.16,377000.0,8.55
2016-03-01,Toronto C07,668100.0,11.91,1111500.0,19.49,370400.0,3.22
2016-04-01,Toronto C07,689400.0,13.07,1153700.0,21.21,379300.0,3.8
2016-05-01,Toronto C07,729300.0,18.4,1240200.0,27.72,394400.0,7.86
2016-06-01,Toronto C07,749900.0,19.49,1282800.0,28.36,405700.0,10.17
2016-07-01,Toronto C07,754900.0,21.77,1302400.0,31.23,405100.0,12.42
2016-08-01,Toronto C07,755700.0,22.02,1310700.0,32.0,403300.0,11.6
2016-09-01,Toronto C07,774600.0,22.35,1342300.0,32.37,410200.0,11.17
2016-10-01,Toronto C07,779400.0,20.95,1351900.0,30.32,415400.0,12.29
2016-11-01,Toronto C07,790700.0,23.56,1370700.0,32.07,422900.0,16.63
2016-12-01,Toronto C07,800400.0,22.25,1390800.0,31.23,425000.0,13.6
2017-01-01,Toronto C07,805900.0,21.19,1419000.0,32.11,443300.0,12.8
2017-02-01,Toronto C07,819000.0,23.24,1439600.0,32.34,457200.0,17.88
2017-03-01,Toronto C07,861700.0,28.59,1497300.0,34.14,490600.0,27.8
2017-04-01,Toronto C07,912400.0,32.18,1583700.0,36.51,523600.0,33.17
2017-05-01,Toronto C07,935600.0,27.95,1630400.0,30.55,537800.0,31.54
2017-06-01,Toronto C07,942400.0,25.65,1608000.0,24.42,553100.0,32.22
2017-07-01,Toronto C07,922000.0,22.3,1534800.0,16.9,549900.0,31.47
2017-08-01,Toronto C07,902300.0,19.8,1473900.0,11.68,549900.0,32.39
2017-09-01,Toronto C07,893600.0,16.3,1453800.0,7.95,549900.0,29.72
2017-10-01,Toronto C07,871800.0,12.25,1373300.0,0.67,550400.0,28.43
2017-11-01,Toronto C07,858300.0,9.15,1338500.0,-3.05,548200.0,25.35
2017-12-01,Toronto C07,853800.0,7.3,1347700.0,-3.91,540200.0,23.09
2018-01-01,Toronto C07,856600.0,6.72,1329800.0,-6.29,548500.0,23.75
2018-02-01,Toronto C07,873200.0,6.81,1355900.0,-5.79,561200.0,22.76
2018-03-01,Toronto C07,885300.0,2.57,1339000.0,-10.57,580200.0,18.27
2018-04-01,Toronto C07,886700.0,-2.84,1338500.0,-15.46,581400.0,11.11
2018-05-01,Toronto C07,903300.0,-3.48,1375100.0,-15.66,591200.0,9.95
2018-06-01,Toronto C07,900900.0,-4.41,1374700.0,-14.51,589000.0,6.49
2018-07-01,Toronto C07,888100.0,-3.68,1354500.0,-11.74,582200.0,5.86
2018-08-01,Toronto C07,890200.0,-1.34,1333900.0,-9.5,588800.0,7.06
2018-09-01,Toronto C07,882500.0,-1.24,1329800.0,-8.53,582200.0,5.86
2018-10-01,Toronto C07,871100.0,-0.08,1298700.0,-5.43,579700.0,5.32
2018-11-01,Toronto C07,875300.0,1.98,1294100.0,-3.32,587100.0,7.08
2018-12-01,Toronto C07,857300.0,0.41,1267600.0,-5.94,574400.0,6.33
2019-01-01,Toronto C07,872200.0,1.82,1273100.0,-4.27,589500.0,7.48
2019-02-01,Toronto C07,883600.0,1.19,1277200.0,-5.8,600700.0,7.05
2019-03-01,Toronto C07,885000.0,-0.04,1301000.0,-2.84,598000.0,3.07
2019-04-01,Toronto C07,894000.0,0.82,1300100.0,-2.87,607100.0,4.41
2019-05-01,Toronto C07,911600.0,0.92,1323400.0,-3.76,621000.0,5.04
2019-06-01,Toronto C07,898500.0,-0.27,1300500.0,-5.39,611500.0,3.81
2019-07-01,Toronto C07,910600.0,2.53,1307400.0,-3.45,622200.0,6.88
2019-08-01,Toronto C07,904000.0,1.55,1278100.0,-4.18,621500.0,5.56
2019-09-01,Toronto C07,904700.0,2.51,1272600.0,-4.3,624900.0,7.34
2019-10-01,Toronto C07,913700.0,4.88,1292300.0,-0.49,629500.0,8.59
2019-11-01,Toronto C07,920600.0,5.18,1320700.0,2.05,629100.0,7.15
2019-12-01,Toronto C07,921600.0,7.51,1332600.0,5.12,627100.0,9.18
2020-01-01,Toronto C07,923000.0,5.83,1337100.0,5.03,625100.0,6.05
2020-02-01,Toronto C07,946900.0,7.17,1336700.0,4.66,653500.0,8.78
2020-03-01,Toronto C07,975600.0,10.24,1366400.0,5.03,679400.0,13.6
2020-04-01,Toronto C07,989400.0,10.68,1376000.0,5.84,689400.0,13.6
2020-05-01,Toronto C07,995300.0,9.18,1350900.0,2.07,700600.0,12.82
2020-06-01,Toronto C07,966600.0,7.59,1329900.0,2.25,674700.0,10.34
2020-07-01,Toronto C07,974200.0,6.99,1400800.0,7.14,658600.0,5.85
2020-08-01,Toronto C07,969700.0,7.31,1420500.0,11.13,649100.0,4.44
2020-09-01,Toronto C07,968300.0,7.04,1400800.0,10.06,652500.0,4.42
2020-10-01,Toronto C07,961800.0,5.26,1391200.0,7.65,644400.0,2.37
2020-11-01,Toronto C07,956900.0,3.95,1400800.0,6.06,635900.0,1.09
2020-12-01,Toronto C07,958300.0,3.98,1399400.0,5.05,636900.0,1.56
2021-01-01,Toronto C07,967300.0,4.84,1446100.0,8.18,634700.0,1.52
2021-02-01,Toronto C07,993900.0,4.93,1497300.0,11.97,648100.0,-0.79
2021-03-01,Toronto C07,1028200.0,5.39,1548100.0,13.33,674200.0,-0.75
2015-07-01,Toronto C08,459600.0,0.85,494800.0,0.19,393500.0,1.08
2015-08-01,Toronto C08,458800.0,1.83,488900.0,-1.93,394200.0,2.82
2015-09-01,Toronto C08,455700.0,3.45,477400.0,0.07,392600.0,4.71
2015-10-01,Toronto C08,455700.0,0.34,470300.0,-5.02,392400.0,1.14
2015-11-01,Toronto C08,459900.0,0.17,490800.0,-1.62,393900.0,0.62
2015-12-01,Toronto C08,461900.0,0.22,478300.0,-4.47,397000.0,1.24
2016-01-01,Toronto C08,459100.0,0.79,508500.0,4.33,388000.0,-0.4
2016-02-01,Toronto C08,462000.0,2.75,488300.0,-0.95,396900.0,3.45
2016-03-01,Toronto C08,476400.0,4.82,495400.0,0.82,411000.0,5.97
2016-04-01,Toronto C08,477700.0,5.4,507200.0,6.32,409900.0,5.57
2016-05-01,Toronto C08,479200.0,5.08,536700.0,11.63,407400.0,3.76
2016-06-01,Toronto C08,487400.0,6.71,551300.0,12.41,414300.0,5.92
2016-07-01,Toronto C08,495100.0,7.73,543300.0,9.93,424600.0,7.9
2016-08-01,Toronto C08,500800.0,9.15,546000.0,11.83,429500.0,8.95
2016-09-01,Toronto C08,500300.0,9.77,539500.0,13.01,428400.0,9.1
2016-10-01,Toronto C08,509100.0,11.69,551900.0,17.37,435000.0,10.85
2016-11-01,Toronto C08,526800.0,14.56,588900.0,19.77,447200.0,13.43
2016-12-01,Toronto C08,533000.0,15.38,597000.0,24.89,452700.0,14.0
2017-01-01,Toronto C08,564200.0,19.28,1466800.0,15.0,454200.0,19.72
2017-02-01,Toronto C08,579900.0,19.43,1511700.0,17.93,469100.0,20.16
2017-03-01,Toronto C08,610900.0,21.66,1562400.0,16.74,496700.0,22.95
2017-04-01,Toronto C08,643800.0,27.67,1652300.0,21.18,522700.0,29.72
2017-05-01,Toronto C08,654000.0,30.59,1610900.0,17.09,532600.0,32.97
2017-06-01,Toronto C08,649200.0,27.61,1648200.0,19.0,530700.0,30.17
2017-07-01,Toronto C08,629100.0,22.02,1574100.0,17.36,514000.0,23.08
2017-08-01,Toronto C08,619700.0,17.98,1482500.0,6.94,508200.0,20.19
2017-09-01,Toronto C08,621800.0,18.55,1483100.0,6.32,511000.0,21.17
2017-10-01,Toronto C08,624700.0,16.83,1500000.0,2.15,513000.0,19.79
2017-11-01,Toronto C08,623600.0,14.56,1493600.0,8.57,511900.0,16.25
2017-12-01,Toronto C08,639000.0,15.62,1458600.0,0.93,527000.0,18.23
2018-01-01,Toronto C08,646900.0,14.92,1439900.0,-1.83,533900.0,17.51
2018-02-01,Toronto C08,652100.0,13.37,1453300.0,-3.86,538300.0,14.75
2018-03-01,Toronto C08,678800.0,11.37,1503500.0,-3.81,561400.0,13.01
2018-04-01,Toronto C08,686900.0,7.14,1551900.0,-6.07,566800.0,8.44
2018-05-01,Toronto C08,689800.0,5.95,1648800.0,2.35,567000.0,6.45
2018-06-01,Toronto C08,685600.0,5.6,1598000.0,-3.04,564800.0,6.44
2018-07-01,Toronto C08,689300.0,9.56,1638900.0,4.11,566800.0,10.26
2018-08-01,Toronto C08,693200.0,11.86,1610300.0,8.62,570700.0,12.29
2018-09-01,Toronto C08,707400.0,13.75,1671000.0,12.67,581700.0,13.83
2018-10-01,Toronto C08,719400.0,15.2,1698400.0,13.22,591900.0,15.38
2018-11-01,Toronto C08,718100.0,15.18,1673300.0,12.03,591400.0,15.54
2018-12-01,Toronto C08,706600.0,10.6,1649400.0,13.08,580200.0,10.09
2019-01-01,Toronto C08,703400.0,8.77,1670400.0,16.0,576700.0,8.02
2019-02-01,Toronto C08,719600.0,10.39,1620800.0,11.52,592500.0,10.08
2019-03-01,Toronto C08,730400.0,7.67,1689600.0,12.38,601800.0,7.2
2019-04-01,Toronto C08,733800.0,6.85,1693700.0,9.14,604800.0,6.71
2019-05-01,Toronto C08,736900.0,6.86,1707700.0,3.57,607200.0,7.09
2019-06-01,Toronto C08,744000.0,8.5,1687300.0,5.59,614300.0,8.76
2019-07-01,Toronto C08,756300.0,9.75,1654000.0,0.93,626500.0,10.48
2019-08-01,Toronto C08,760400.0,9.69,1694900.0,5.25,629700.0,10.34
2019-09-01,Toronto C08,759100.0,7.32,1683200.0,0.73,628400.0,8.03
2019-10-01,Toronto C08,758600.0,5.45,1734000.0,2.1,627100.0,5.95
2019-11-01,Toronto C08,760200.0,5.86,1720000.0,2.79,628800.0,6.32
2019-12-01,Toronto C08,763300.0,8.03,1713000.0,3.86,631400.0,8.83
2020-01-01,Toronto C08,765700.0,8.85,1680300.0,0.59,633800.0,9.9
2020-02-01,Toronto C08,788900.0,9.63,1718800.0,6.05,654300.0,10.43
2020-03-01,Toronto C08,815100.0,11.6,1757900.0,4.04,677000.0,12.5
2020-04-01,Toronto C08,826100.0,12.58,1756100.0,3.69,687000.0,13.58
2020-05-01,Toronto C08,799200.0,8.45,1801100.0,5.31,660600.0,8.79
2020-06-01,Toronto C08,785300.0,5.55,1796400.0,6.34,648900.0,5.63
2020-07-01,Toronto C08,786900.0,4.05,1815100.0,9.54,647900.0,3.42
2020-08-01,Toronto C08,777200.0,2.2,1795800.0,5.83,639900.0,1.61
2020-09-01,Toronto C08,770100.0,1.45,1857900.0,10.21,631600.0,0.52
2020-10-01,Toronto C08,756000.0,-0.34,1861400.0,7.25,618700.0,-1.34
2020-11-01,Toronto C08,735600.0,-3.23,1806400.0,4.9,600500.0,-4.5
2020-12-01,Toronto C08,727800.0,-4.66,1763000.0,2.76,594200.0,-5.89
2021-01-01,Toronto C08,733000.0,-4.27,1712100.0,1.7,600500.0,-5.28
2021-02-01,Toronto C08,745800.0,-5.44,1784700.0,3.64,609800.0,-6.81
2021-03-01,Toronto C08,775600.0,-4.84,1934600.0,9.66,633400.0,-6.45
2015-07-01,Toronto C09,1001000.0,-2.11,1614200.0,0.16,455600.0,-3.03
2015-08-01,Toronto C09,999600.0,1.36,1640600.0,4.9,444000.0,-1.33
2015-09-01,Toronto C09,1024100.0,1.62,1683300.0,2.29,455600.0,1.63
2015-10-01,Toronto C09,1043400.0,3.31,1663200.0,0.0,480400.0,7.65
2015-11-01,Toronto C09,1058200.0,5.95,1684500.0,3.71,491000.0,9.29
2015-12-01,Toronto C09,1045600.0,7.15,1582800.0,-0.94,506900.0,16.7
2016-01-01,Toronto C09,1027800.0,8.13,1602900.0,5.37,487000.0,13.16
2016-02-01,Toronto C09,1063400.0,11.88,1644400.0,9.82,508500.0,15.15
2016-03-01,Toronto C09,1072300.0,11.85,1708400.0,15.84,499900.0,10.23
2016-04-01,Toronto C09,1053000.0,8.16,1636800.0,6.63,495600.0,9.28
2016-05-01,Toronto C09,1041100.0,8.68,1604200.0,6.51,490000.0,9.88
2016-06-01,Toronto C09,1064100.0,9.81,1659400.0,5.6,498600.0,14.45
2016-07-01,Toronto C09,1069400.0,6.82,1705900.0,5.68,486700.0,6.84
2016-08-01,Toronto C09,1042600.0,4.31,1626800.0,-0.84,485700.0,9.4
2016-09-01,Toronto C09,1013600.0,-1.02,1606700.0,-4.55,465100.0,2.11
2016-10-01,Toronto C09,1033000.0,-1.0,1633100.0,-1.81,474400.0,-1.24
2016-11-01,Toronto C09,1061200.0,0.28,1630500.0,-3.21,501600.0,2.16
2016-12-01,Toronto C09,1088700.0,4.12,1592900.0,0.63,537400.0,6.01
2017-01-01,Toronto C09,1038400.0,6.52,1586500.0,0.0,536800.0,10.35
2017-02-01,Toronto C09,1068000.0,5.51,1695800.0,3.13,537800.0,5.73
2017-03-01,Toronto C09,1141500.0,11.83,1844000.0,7.94,573900.0,14.78
2017-04-01,Toronto C09,1170500.0,16.85,1879200.0,14.81,587400.0,18.52
2017-05-01,Toronto C09,1176100.0,18.84,1830200.0,14.1,604700.0,23.39
2017-06-01,Toronto C09,1216100.0,18.08,1776200.0,7.04,631800.0,26.71
2017-07-01,Toronto C09,1199100.0,16.83,1685800.0,-1.18,638400.0,31.18
2017-08-01,Toronto C09,1180700.0,17.63,1658100.0,1.93,627800.0,29.26
2017-09-01,Toronto C09,1135400.0,15.48,1653100.0,2.89,589100.0,26.64
2017-10-01,Toronto C09,1146000.0,14.34,1626700.0,-0.38,604300.0,27.37
2017-11-01,Toronto C09,1148800.0,11.78,1638000.0,0.46,603300.0,20.28
2017-12-01,Toronto C09,1155200.0,9.46,1650600.0,3.63,599300.0,11.53
2018-01-01,Toronto C09,1171500.0,11.07,1636800.0,3.17,617200.0,15.0
2018-02-01,Toronto C09,1226000.0,13.13,1738500.0,2.52,638100.0,18.67
2018-03-01,Toronto C09,1252900.0,7.66,1757400.0,-4.7,657300.0,14.55
2018-04-01,Toronto C09,1263500.0,6.06,1761100.0,-6.28,659000.0,12.18
2018-05-01,Toronto C09,1284000.0,6.71,1785000.0,-2.47,671500.0,11.07
2018-06-01,Toronto C09,1312300.0,7.92,1757400.0,-1.06,695700.0,10.12
2018-07-01,Toronto C09,1341400.0,11.87,1743600.0,3.43,729900.0,14.32
2018-08-01,Toronto C09,1347700.0,14.15,1697100.0,2.35,740100.0,17.89
2018-09-01,Toronto C09,1349100.0,18.83,1727200.0,4.48,723600.0,22.83
2018-10-01,Toronto C09,1344200.0,17.29,1769900.0,8.8,710300.0,17.54
2018-11-01,Toronto C09,1349100.0,17.44,1747300.0,6.67,717300.0,18.89
2018-12-01,Toronto C09,1309500.0,13.36,1680700.0,1.83,699700.0,16.75
2019-01-01,Toronto C09,1288300.0,9.97,1665700.0,1.77,688800.0,11.59
2019-02-01,Toronto C09,1274100.0,3.93,1630500.0,-6.21,682500.0,6.96
2019-03-01,Toronto C09,1292500.0,3.16,1693300.0,-3.65,675900.0,2.82
2019-04-01,Toronto C09,1369700.0,8.4,1767400.0,0.36,732200.0,11.11
2019-05-01,Toronto C09,1372500.0,6.89,1796300.0,0.63,725200.0,7.99
2019-06-01,Toronto C09,1393000.0,6.15,1787500.0,1.72,745400.0,7.14
2019-07-01,Toronto C09,1371800.0,2.27,1790000.0,2.67,733800.0,0.54
2019-08-01,Toronto C09,1368300.0,1.52,1741000.0,2.59,737100.0,-0.4
2019-09-01,Toronto C09,1391600.0,3.15,1783800.0,3.27,747100.0,3.25
2019-10-01,Toronto C09,1402900.0,4.37,1842800.0,4.12,743800.0,4.71
2019-11-01,Toronto C09,1414300.0,4.83,1805100.0,3.31,766600.0,6.88
2019-12-01,Toronto C09,1429800.0,9.19,1857900.0,10.54,768600.0,9.85
2020-01-01,Toronto C09,1402900.0,8.9,1831500.0,9.95,752700.0,9.28
2020-02-01,Toronto C09,1382400.0,8.5,1834000.0,12.48,730800.0,7.09
2020-03-01,Toronto C09,1397300.0,8.11,1834000.0,8.31,744400.0,10.15
2020-04-01,Toronto C09,1420600.0,3.83,1871700.0,5.9,753700.0,2.94
2020-05-01,Toronto C09,1387400.0,1.4,1834100.0,2.1,730200.0,0.69
2020-06-01,Toronto C09,1384600.0,-0.31,1880500.0,5.2,714600.0,-4.13
2020-07-01,Toronto C09,1445100.0,5.45,1881800.0,5.12,772600.0,5.28
2020-08-01,Toronto C09,1516900.0,10.81,1924500.0,10.53,826600.0,12.13
2020-09-01,Toronto C09,1486300.0,7.18,1932000.0,8.31,801400.0,7.27
2020-10-01,Toronto C09,1516200.0,8.34,1994800.0,8.25,813000.0,9.31
2020-11-01,Toronto C09,1500600.0,6.41,1957200.0,8.42,819300.0,6.87
2020-12-01,Toronto C09,1423000.0,-0.4,1898100.0,2.16,760300.0,-1.08
2021-01-01,Toronto C09,1381700.0,-1.62,1919500.0,4.8,717900.0,-4.62
2021-02-01,Toronto C09,1433700.0,3.97,1939600.0,5.75,754000.0,3.17
2021-03-01,Toronto C09,1521200.0,8.97,2111700.0,15.14,796400.0,6.99
2015-07-01,Toronto C10,792300.0,5.4,1212600.0,7.22,478000.0,2.26
2015-08-01,Toronto C10,790300.0,6.58,1213800.0,10.87,473200.0,1.44
2015-09-01,Toronto C10,793400.0,7.39,1193000.0,8.36,483000.0,4.62
2015-10-01,Toronto C10,803200.0,8.54,1230400.0,12.26,482100.0,3.44
2015-11-01,Toronto C10,812500.0,9.23,1254900.0,12.49,485700.0,4.06
2015-12-01,Toronto C10,804700.0,9.04,1265400.0,17.76,473400.0,0.71
2016-01-01,Toronto C10,848100.0,15.09,1300400.0,18.84,469400.0,1.08
2016-02-01,Toronto C10,800500.0,10.5,1283900.0,16.16,484000.0,7.28
2016-03-01,Toronto C10,811000.0,8.73,1314500.0,13.27,485400.0,4.92
2016-04-01,Toronto C10,810200.0,6.4,1328700.0,11.48,480400.0,2.3
2016-05-01,Toronto C10,856300.0,9.8,1482700.0,21.84,488300.0,3.09
2016-06-01,Toronto C10,870700.0,8.45,1522000.0,22.41,493600.0,2.95
2016-07-01,Toronto C10,870700.0,9.9,1531700.0,26.32,489500.0,2.41
2016-08-01,Toronto C10,880500.0,11.46,1510900.0,24.47,506500.0,6.98
2016-09-01,Toronto C10,865200.0,9.05,1470400.0,23.31,503200.0,4.17
2016-10-01,Toronto C10,883600.0,10.0,1547800.0,25.79,502200.0,4.12
2016-11-01,Toronto C10,889400.0,9.4,1509700.0,20.35,520200.0,7.1
2016-12-01,Toronto C10,892200.0,10.86,1497400.0,18.33,527400.0,11.44
2017-01-01,Toronto C10,886600.0,12.94,1510800.0,16.03,530200.0,12.52
2017-02-01,Toronto C10,907600.0,14.54,1544700.0,20.06,543100.0,12.19
2017-03-01,Toronto C10,939000.0,16.84,1596600.0,21.01,562200.0,15.56
2017-04-01,Toronto C10,977800.0,21.96,1694100.0,26.98,579400.0,20.76
2017-05-01,Toronto C10,1003800.0,18.66,1728100.0,16.09,598700.0,22.65
2017-06-01,Toronto C10,1018200.0,17.9,1732400.0,13.33,604200.0,22.7
2017-07-01,Toronto C10,992000.0,15.4,1624400.0,5.62,598900.0,22.76
2017-08-01,Toronto C10,971000.0,11.28,1565700.0,3.3,591700.0,16.67
2017-09-01,Toronto C10,986200.0,15.08,1539800.0,4.88,613200.0,21.88
2017-10-01,Toronto C10,996700.0,13.77,1579300.0,1.75,617100.0,22.81
2017-11-01,Toronto C10,993600.0,12.46,1589200.0,5.02,612300.0,17.56
2017-12-01,Toronto C10,991300.0,12.1,1562600.0,4.11,614700.0,16.73
2018-01-01,Toronto C10,976800.0,9.74,1565100.0,3.6,598700.0,12.93
2018-02-01,Toronto C10,997100.0,9.15,1540400.0,-0.28,622600.0,14.64
2018-03-01,Toronto C10,1015800.0,7.48,1517600.0,-4.95,644800.0,14.7
2018-04-01,Toronto C10,1040800.0,5.79,1525000.0,-9.99,664300.0,14.67
2018-05-01,Toronto C10,1049800.0,3.7,1573700.0,-8.93,661000.0,10.41
2018-06-01,Toronto C10,1043600.0,2.49,1545300.0,-10.8,662400.0,9.64
2018-07-01,Toronto C10,1032200.0,4.05,1517600.0,-6.58,658400.0,9.93
2018-08-01,Toronto C10,1042800.0,7.4,1514500.0,-3.27,667400.0,12.79
2018-09-01,Toronto C10,1054100.0,6.89,1523100.0,-1.08,674600.0,10.01
2018-10-01,Toronto C10,1061900.0,6.54,1549700.0,-1.88,678000.0,9.87
2018-11-01,Toronto C10,1076000.0,8.29,1620700.0,1.98,677500.0,10.65
2018-12-01,Toronto C10,1078300.0,8.78,1609500.0,3.0,681800.0,10.92
2019-01-01,Toronto C10,1073200.0,9.87,1597800.0,2.09,680800.0,13.72
2019-02-01,Toronto C10,1081800.0,8.5,1659600.0,7.74,677200.0,8.78
2019-03-01,Toronto C10,1104100.0,8.69,1695400.0,11.72,688700.0,6.81
2019-04-01,Toronto C10,1090800.0,4.8,1620000.0,6.23,689200.0,3.74
2019-05-01,Toronto C10,1111500.0,5.88,1649100.0,4.79,703500.0,6.43
2019-06-01,Toronto C10,1117000.0,7.03,1596600.0,3.32,718100.0,8.4
2019-07-01,Toronto C10,1124000.0,8.89,1594100.0,4.96,724300.0,10.01
2019-08-01,Toronto C10,1104100.0,5.88,1571900.0,3.79,710000.0,6.37
2019-09-01,Toronto C10,1112700.0,5.56,1634200.0,7.3,706600.0,4.74
2019-10-01,Toronto C10,1127900.0,6.21,1660200.0,7.13,716200.0,5.64
2019-11-01,Toronto C10,1138000.0,5.77,1678100.0,3.54,722600.0,6.66
2019-12-01,Toronto C10,1133800.0,5.14,1633600.0,1.5,724800.0,6.3
2020-01-01,Toronto C10,1121700.0,4.51,1648400.0,3.17,713100.0,4.74
2020-02-01,Toronto C10,1151300.0,6.42,1679900.0,1.23,733800.0,8.36
2020-03-01,Toronto C10,1199700.0,8.66,1714500.0,1.13,771600.0,12.03
2020-04-01,Toronto C10,1209900.0,10.92,1734300.0,7.09,776600.0,12.68
2020-05-01,Toronto C10,1179900.0,5.22,1697800.0,2.96,741500.0,5.4
2020-06-01,Toronto C10,1183400.0,5.09,1639800.0,2.71,753400.0,4.92
2020-07-01,Toronto C10,1179900.0,4.15,1747900.0,9.6,734100.0,1.35
2020-08-01,Toronto C10,1177100.0,5.64,1741700.0,10.8,732400.0,3.16
2020-09-01,Toronto C10,1168400.0,4.19,1711400.0,4.72,729800.0,3.28
2020-10-01,Toronto C10,1156900.0,1.77,1697800.0,2.31,721400.0,0.73
2020-11-01,Toronto C10,1168800.0,1.86,1717600.0,2.35,728300.0,0.79
2020-12-01,Toronto C10,1162100.0,1.62,1710800.0,4.72,723600.0,-0.16
2021-01-01,Toronto C10,1159300.0,2.34,1773800.0,7.6,713800.0,0.1
2021-02-01,Toronto C10,1187800.0,2.18,1825000.0,8.64,729800.0,-0.59
2021-03-01,Toronto C10,1209900.0,-0.23,1823200.0,6.34,749400.0,-2.91
2015-07-01,Toronto C11,653600.0,9.03,1211700.0,4.51,263600.0,14.53
2015-08-01,Toronto C11,653900.0,8.7,1242500.0,10.76,257600.0,7.67
2015-09-01,Toronto C11,667900.0,8.44,1292800.0,10.49,258500.0,7.39
2015-10-01,Toronto C11,655400.0,4.63,1259300.0,6.46,254600.0,3.17
2015-11-01,Toronto C11,665400.0,8.15,1262700.0,7.11,262000.0,9.78
2015-12-01,Toronto C11,671800.0,8.44,1225100.0,5.48,274600.0,11.63
2016-01-01,Toronto C11,685800.0,11.8,1237300.0,10.22,285200.0,14.51
2016-02-01,Toronto C11,677500.0,6.96,1242600.0,11.43,275600.0,3.36
2016-03-01,Toronto C11,691200.0,13.2,1288200.0,17.78,277600.0,9.48
2016-04-01,Toronto C11,681800.0,9.24,1260100.0,10.08,276500.0,8.67
2016-05-01,Toronto C11,698300.0,11.24,1265400.0,9.01,286900.0,12.94
2016-06-01,Toronto C11,720200.0,12.23,1301600.0,9.11,296300.0,14.96
2016-07-01,Toronto C11,722700.0,10.58,1323000.0,9.19,293900.0,11.5
2016-08-01,Toronto C11,725600.0,10.96,1305700.0,5.07,299400.0,16.18
2016-09-01,Toronto C11,723000.0,8.26,1285500.0,-0.57,302200.0,16.96
2016-10-01,Toronto C11,740200.0,12.96,1317700.0,4.63,308800.0,21.3
2016-11-01,Toronto C11,763500.0,14.75,1329100.0,5.26,325700.0,24.33
2016-12-01,Toronto C11,749600.0,11.57,1293600.0,5.58,321900.0,17.26
2017-01-01,Toronto C11,745900.0,13.35,1301800.0,6.76,331300.0,18.92
2017-02-01,Toronto C11,770000.0,14.97,1376000.0,9.43,336700.0,19.78
2017-03-01,Toronto C11,818500.0,19.87,1483600.0,13.73,353500.0,25.06
2017-04-01,Toronto C11,853600.0,26.71,1532000.0,20.4,371200.0,31.87
2017-05-01,Toronto C11,864900.0,25.49,1495200.0,17.07,386300.0,32.45
2017-06-01,Toronto C11,869800.0,22.41,1459100.0,10.47,396400.0,31.69
2017-07-01,Toronto C11,853200.0,19.77,1387600.0,3.3,395700.0,32.73
2017-08-01,Toronto C11,847800.0,18.5,1360300.0,2.78,395800.0,30.31
2017-09-01,Toronto C11,858500.0,20.64,1352200.0,4.2,406100.0,32.69
2017-10-01,Toronto C11,850700.0,16.76,1339900.0,0.56,399900.0,27.86
2017-11-01,Toronto C11,845400.0,12.53,1337900.0,-0.1,397800.0,20.6
2017-12-01,Toronto C11,852400.0,15.37,1351500.0,3.87,400500.0,22.74
2018-01-01,Toronto C11,858500.0,15.09,1349400.0,3.61,404500.0,22.09
2018-02-01,Toronto C11,876200.0,13.79,1396400.0,1.49,409600.0,21.75
2018-03-01,Toronto C11,896700.0,9.6,1451600.0,-2.16,417700.0,18.15
2018-04-01,Toronto C11,920000.0,7.88,1445500.0,-5.65,437600.0,17.83
2018-05-01,Toronto C11,926100.0,7.21,1447500.0,-3.19,438400.0,13.5
2018-06-01,Toronto C11,938100.0,7.85,1453700.0,-0.37,446200.0,12.56
2018-07-01,Toronto C11,941300.0,10.33,1425700.0,2.75,453000.0,14.5
2018-08-01,Toronto C11,940900.0,10.98,1377400.0,1.25,458000.0,15.7
2018-09-01,Toronto C11,953700.0,11.09,1430500.0,5.79,457400.0,12.62
2018-10-01,Toronto C11,967800.0,13.77,1453000.0,8.44,463900.0,16.01
2018-11-01,Toronto C11,953300.0,12.77,1437300.0,7.43,457500.0,15.0
2018-12-01,Toronto C11,943400.0,10.67,1385500.0,2.52,457700.0,14.29
2019-01-01,Toronto C11,929200.0,8.24,1366500.0,1.26,449800.0,11.2
2019-02-01,Toronto C11,931000.0,6.26,1353500.0,-3.07,452400.0,10.46
2019-03-01,Toronto C11,944100.0,5.29,1378100.0,-5.07,459300.0,9.94
2019-04-01,Toronto C11,978100.0,6.31,1457800.0,0.85,470700.0,7.56
2019-05-01,Toronto C11,963600.0,4.05,1460500.0,0.89,459100.0,4.74
2019-06-01,Toronto C11,967100.0,3.09,1448900.0,-0.33,463300.0,3.84
2019-07-01,Toronto C11,965000.0,1.94,1439400.0,0.96,463300.0,2.28
2019-08-01,Toronto C11,963900.0,2.44,1424400.0,3.41,465100.0,1.55
2019-09-01,Toronto C11,985100.0,3.3,1451600.0,1.48,475200.0,3.9
2019-10-01,Toronto C11,984100.0,1.68,1489100.0,2.48,469000.0,1.1
2019-11-01,Toronto C11,996500.0,4.53,1476800.0,2.75,479300.0,4.76
2019-12-01,Toronto C11,1007100.0,6.75,1504800.0,8.6,483700.0,5.68
2020-01-01,Toronto C11,1004300.0,8.07,1456400.0,6.58,489200.0,8.75
2020-02-01,Toronto C11,1008900.0,8.36,1476100.0,9.06,488300.0,7.93
2020-03-01,Toronto C11,1029400.0,9.03,1496600.0,8.6,500500.0,8.98
2020-04-01,Toronto C11,1035700.0,5.9,1507500.0,3.41,502200.0,6.73
2020-05-01,Toronto C11,1049900.0,8.89,1495900.0,2.43,513700.0,11.89
2020-06-01,Toronto C11,1081400.0,11.75,1533400.0,5.83,529700.0,14.32
2020-07-01,Toronto C11,1063000.0,10.08,1532700.0,6.48,520400.0,12.32
2020-08-01,Toronto C11,1076400.0,11.6,1565400.0,9.9,525200.0,12.93
2020-09-01,Toronto C11,1074300.0,8.98,1568100.0,8.02,522300.0,9.9
2020-10-01,Toronto C11,1086000.0,10.32,1607000.0,7.91,523400.0,11.61
2020-11-01,Toronto C11,1077100.0,8.03,1578300.0,6.87,521700.0,8.85
2020-12-01,Toronto C11,1053000.0,4.57,1548400.0,2.85,510500.0,5.55
2021-01-01,Toronto C11,1049900.0,4.4,1565400.0,7.48,502100.0,2.67
2021-02-01,Toronto C11,1064400.0,5.47,1565400.0,6.05,512600.0,4.97
2021-03-01,Toronto C11,1116400.0,8.46,1715900.0,14.66,526600.0,5.25
2015-07-01,Toronto C12,1448300.0,4.45,1752900.0,6.25,560500.0,-1.49
2015-08-01,Toronto C12,1449200.0,6.02,1745300.0,9.36,556100.0,-4.17
2015-09-01,Toronto C12,1447500.0,6.9,1730300.0,9.52,560800.0,-0.67
2015-10-01,Toronto C12,1482600.0,9.29,1771100.0,12.72,576500.0,-0.22
2015-11-01,Toronto C12,1499800.0,9.1,1793700.0,11.71,578100.0,-0.27
2015-12-01,Toronto C12,1504000.0,7.54,1829200.0,10.81,562400.0,-3.82
2016-01-01,Toronto C12,1577700.0,13.43,1865700.0,12.44,549700.0,-3.05
2016-02-01,Toronto C12,1521200.0,7.84,1822700.0,7.89,591300.0,5.44
2016-03-01,Toronto C12,1559700.0,10.84,1873200.0,10.25,593500.0,7.4
2016-04-01,Toronto C12,1597400.0,12.7,1932300.0,12.73,601000.0,7.66
2016-05-01,Toronto C12,1682300.0,16.64,2063400.0,18.37,602000.0,5.51
2016-06-01,Toronto C12,1694300.0,16.23,2082800.0,17.74,618900.0,9.09
2016-07-01,Toronto C12,1707200.0,17.8,2080600.0,18.7,624000.0,11.34
2016-08-01,Toronto C12,1690900.0,16.54,2054800.0,17.52,618900.0,11.31
2016-09-01,Toronto C12,1700300.0,17.54,2081700.0,20.39,608200.0,8.47
2016-10-01,Toronto C12,1720900.0,16.07,2104300.0,18.74,605400.0,4.96
2016-11-01,Toronto C12,1772300.0,18.17,2155800.0,20.19,621500.0,7.45
2016-12-01,Toronto C12,1814300.0,20.63,2184900.0,19.45,647900.0,15.28
2017-01-01,Toronto C12,1829300.0,24.18,2208900.0,24.01,650900.0,16.89
2017-02-01,Toronto C12,1888700.0,25.18,2260300.0,23.91,667800.0,13.66
2017-03-01,Toronto C12,1992100.0,28.71,2395400.0,27.93,704800.0,19.32
2017-04-01,Toronto C12,2108300.0,32.87,2536900.0,31.14,757500.0,26.62
2017-05-01,Toronto C12,2110000.0,25.85,2496100.0,20.49,785700.0,31.07
2017-06-01,Toronto C12,2006700.0,20.86,2474700.0,18.53,789200.0,28.29
2017-07-01,Toronto C12,1947800.0,16.96,2348200.0,12.47,809900.0,30.72
2017-08-01,Toronto C12,1863300.0,13.57,2219600.0,7.75,797000.0,29.5
2017-09-01,Toronto C12,1842000.0,11.98,2169200.0,4.49,797600.0,32.09
2017-10-01,Toronto C12,1837700.0,10.12,2152100.0,1.93,791000.0,31.27
2017-11-01,Toronto C12,1807900.0,5.53,2113500.0,-2.42,791000.0,28.01
2017-12-01,Toronto C12,1844600.0,5.98,2130700.0,-2.83,829000.0,28.98
2018-01-01,Toronto C12,1850500.0,5.19,2145700.0,-2.86,815200.0,25.24
2018-02-01,Toronto C12,1869300.0,3.4,2157500.0,-4.51,841200.0,25.96
2018-03-01,Toronto C12,1869300.0,-2.41,2147800.0,-10.34,848400.0,20.37
2018-04-01,Toronto C12,1859900.0,-7.98,2139200.0,-15.71,865700.0,14.28
2018-05-01,Toronto C12,1863300.0,-7.73,2138200.0,-14.34,858100.0,9.22
2018-06-01,Toronto C12,1873600.0,-6.63,2140300.0,-13.51,868800.0,10.09
2018-07-01,Toronto C12,1863300.0,-4.34,2144600.0,-8.67,847500.0,4.65
2018-08-01,Toronto C12,1834300.0,-1.56,2102800.0,-5.26,850000.0,6.65
2018-09-01,Toronto C12,1879500.0,2.04,2156400.0,-0.59,872600.0,9.39
2018-10-01,Toronto C12,1897500.0,3.25,2207800.0,2.59,860300.0,8.76
2018-11-01,Toronto C12,1879500.0,3.96,2156400.0,2.03,882000.0,11.49
2018-12-01,Toronto C12,1856500.0,0.65,2135000.0,0.2,864400.0,4.27
2019-01-01,Toronto C12,1840300.0,-0.55,2121000.0,-1.15,853400.0,4.69
2019-02-01,Toronto C12,1888100.0,1.0,2183200.0,1.19,873800.0,3.88
2019-03-01,Toronto C12,1884700.0,0.82,2196000.0,2.25,876000.0,3.25
2019-04-01,Toronto C12,1895800.0,1.93,2202500.0,2.96,879500.0,1.59
2019-05-01,Toronto C12,1885500.0,1.19,2207800.0,3.26,859400.0,0.15
2019-06-01,Toronto C12,1897500.0,1.28,2219600.0,3.71,867200.0,-0.18
2019-07-01,Toronto C12,1883800.0,1.24,2182100.0,1.85,878200.0,3.63
2019-08-01,Toronto C12,1871900.0,2.05,2176800.0,3.52,870700.0,2.43
2019-09-01,Toronto C12,1844600.0,-1.86,2153200.0,-0.15,838100.0,-3.95
2019-10-01,Toronto C12,1871900.0,-1.35,2155300.0,-2.38,863200.0,0.33
2019-11-01,Toronto C12,1878700.0,-0.05,2142500.0,-0.65,872200.0,-1.1
2019-12-01,Toronto C12,1899200.0,2.3,2186400.0,2.41,881700.0,1.99
2020-01-01,Toronto C12,1900000.0,3.25,2189600.0,3.23,877300.0,2.79
2020-02-01,Toronto C12,1927300.0,2.08,2206800.0,1.08,892600.0,2.15
2020-03-01,Toronto C12,1952900.0,3.62,2225000.0,1.32,906400.0,3.47
2020-04-01,Toronto C12,1987000.0,4.67,2259300.0,2.43,932100.0,5.99
2020-05-01,Toronto C12,1984500.0,5.25,2236700.0,1.36,931200.0,8.35
2020-06-01,Toronto C12,1992200.0,4.99,2231400.0,0.53,942200.0,8.64
2020-07-01,Toronto C12,2015300.0,6.97,2247500.0,3.0,942800.0,7.35
2020-08-01,Toronto C12,2036600.0,8.85,2304300.0,5.91,930300.0,6.84
2020-09-01,Toronto C12,2048500.0,11.05,2343900.0,8.86,934600.0,11.52
2020-10-01,Toronto C12,2053600.0,9.71,2333200.0,8.25,940000.0,8.9
2020-11-01,Toronto C12,2045100.0,8.86,2307500.0,7.76,921500.0,5.64
2020-12-01,Toronto C12,2016100.0,6.11,2262500.0,3.23,925900.0,5.09
2021-01-01,Toronto C12,2063000.0,8.53,2306400.0,5.39,948100.0,8.15
2021-02-01,Toronto C12,2120200.0,10.15,2401800.0,8.89,975100.0,9.43
2021-03-01,Toronto C12,2162900.0,10.89,2513300.0,12.96,971300.0,7.31
2015-07-01,Toronto C13,656700.0,9.0,1055000.0,8.9,304700.0,7.62
2015-08-01,Toronto C13,651500.0,9.62,1045900.0,12.06,301100.0,4.89
2015-09-01,Toronto C13,663700.0,11.74,1047500.0,14.13,315600.0,7.99
2015-10-01,Toronto C13,671800.0,12.27,1079100.0,15.88,310000.0,6.6
2015-11-01,Toronto C13,668500.0,10.89,1077500.0,14.26,306500.0,5.3
2015-12-01,Toronto C13,667400.0,7.36,1080700.0,11.01,302900.0,0.39
2016-01-01,Toronto C13,636400.0,4.29,1023900.0,7.06,300600.0,2.36
2016-02-01,Toronto C13,681700.0,10.53,1087700.0,11.85,317800.0,7.57
2016-03-01,Toronto C13,713100.0,15.96,1141800.0,16.64,329700.0,13.26
2016-04-01,Toronto C13,730400.0,16.2,1194300.0,20.29,329300.0,9.83
2016-05-01,Toronto C13,777600.0,20.94,1318100.0,29.47,330900.0,8.01
2016-06-01,Toronto C13,785800.0,20.61,1340000.0,28.32,330500.0,8.16
2016-07-01,Toronto C13,778800.0,18.6,1319700.0,25.03,330800.0,8.57
2016-08-01,Toronto C13,754400.0,15.86,1282700.0,22.64,318600.0,5.71
2016-09-01,Toronto C13,755500.0,13.84,1268800.0,21.06,325300.0,3.07
2016-10-01,Toronto C13,786100.0,17.02,1306800.0,21.04,343400.0,10.72
2016-11-01,Toronto C13,808600.0,20.97,1375400.0,27.58,340800.0,11.17
2016-12-01,Toronto C13,834500.0,25.11,1422000.0,31.58,354800.0,17.19
2017-01-01,Toronto C13,827000.0,28.69,1462300.0,38.84,363900.0,18.1
2017-02-01,Toronto C13,852700.0,27.66,1511400.0,38.11,371100.0,14.97
2017-03-01,Toronto C13,886700.0,27.23,1572700.0,37.29,384600.0,14.85
2017-04-01,Toronto C13,941400.0,32.0,1676700.0,39.73,405600.0,21.11
2017-05-01,Toronto C13,957700.0,26.08,1683600.0,26.99,429900.0,27.77
2017-06-01,Toronto C13,945800.0,23.67,1662300.0,23.2,430900.0,28.22
2017-07-01,Toronto C13,919400.0,21.72,1551900.0,17.06,439000.0,30.54
2017-08-01,Toronto C13,888200.0,21.56,1455400.0,13.1,437400.0,35.07
2017-09-01,Toronto C13,861100.0,17.78,1401500.0,10.51,432300.0,30.76
2017-10-01,Toronto C13,849800.0,11.39,1318300.0,0.37,447400.0,28.22
2017-11-01,Toronto C13,846900.0,7.99,1331600.0,-3.74,439800.0,26.98
2017-12-01,Toronto C13,861400.0,6.25,1341800.0,-6.47,452900.0,25.64
2018-01-01,Toronto C13,866100.0,5.28,1353000.0,-7.48,454900.0,25.01
2018-02-01,Toronto C13,877700.0,3.32,1369500.0,-9.45,460300.0,24.04
2018-03-01,Toronto C13,867200.0,-1.88,1349800.0,-14.17,456500.0,18.75
2018-04-01,Toronto C13,874100.0,-6.83,1339600.0,-20.1,469400.0,15.74
2018-05-01,Toronto C13,875500.0,-8.2,1324700.0,-21.32,477000.0,10.96
2018-06-01,Toronto C13,891100.0,-5.78,1326800.0,-20.18,493700.0,14.58
2018-07-01,Toronto C13,881700.0,-4.1,1300700.0,-16.19,488900.0,11.38
2018-08-01,Toronto C13,870800.0,-1.96,1266600.0,-12.97,490100.0,12.06
2018-09-01,Toronto C13,887500.0,3.07,1324700.0,-5.48,488700.0,13.04
2018-10-01,Toronto C13,906300.0,6.65,1358800.0,3.07,498800.0,11.48
2018-11-01,Toronto C13,883100.0,4.28,1322600.0,-0.68,487500.0,10.85
2018-12-01,Toronto C13,887100.0,2.98,1324700.0,-1.27,491300.0,8.49
2019-01-01,Toronto C13,872600.0,0.75,1289000.0,-4.73,483700.0,6.33
2019-02-01,Toronto C13,887500.0,1.11,1318300.0,-3.74,491100.0,6.69
2019-03-01,Toronto C13,902000.0,4.01,1359900.0,0.75,495800.0,8.6
2019-04-01,Toronto C13,909200.0,4.02,1339600.0,0.0,510900.0,8.84
2019-05-01,Toronto C13,912800.0,4.26,1348200.0,1.77,512700.0,7.47
2019-06-01,Toronto C13,915000.0,2.68,1348200.0,1.61,514300.0,4.16
2019-07-01,Toronto C13,920400.0,4.39,1305500.0,0.37,532400.0,8.85
2019-08-01,Toronto C13,929500.0,6.74,1341200.0,5.89,531800.0,8.5
2019-09-01,Toronto C13,932800.0,5.1,1329000.0,0.32,540300.0,10.55
2019-10-01,Toronto C13,925500.0,2.12,1295900.0,-4.63,542900.0,8.84
2019-11-01,Toronto C13,928800.0,5.17,1287900.0,-2.62,545300.0,11.85
2019-12-01,Toronto C13,936400.0,5.55,1333800.0,0.68,543100.0,10.53
2020-01-01,Toronto C13,934900.0,7.14,1319400.0,2.36,539800.0,11.62
2020-02-01,Toronto C13,945400.0,6.53,1330600.0,0.93,551100.0,12.22
2020-03-01,Toronto C13,962400.0,6.7,1347100.0,-0.94,565400.0,14.05
2020-04-01,Toronto C13,986300.0,8.53,1354600.0,1.28,585600.0,14.67
2020-05-01,Toronto C13,1029300.0,9.47,1357800.0,0.71,637000.0,16.65
2020-06-01,Toronto C13,1027200.0,9.45,1372700.0,1.82,631100.0,16.13
2020-07-01,Toronto C13,1000600.0,6.09,1379100.0,5.64,597400.0,6.44
2020-08-01,Toronto C13,1010800.0,6.51,1415900.0,5.57,593300.0,6.45
2020-09-01,Toronto C13,1030100.0,8.21,1456400.0,9.59,602100.0,6.47
2020-10-01,Toronto C13,1025300.0,8.0,1422800.0,9.79,605300.0,5.63
2020-11-01,Toronto C13,1022100.0,7.33,1444700.0,12.17,594900.0,3.52
2020-12-01,Toronto C13,1004600.0,4.73,1436700.0,7.67,579000.0,1.25
2021-01-01,Toronto C13,1021700.0,6.52,1450000.0,9.9,591400.0,3.73
2021-02-01,Toronto C13,1052600.0,8.22,1497500.0,12.55,607400.0,3.88
2021-03-01,Toronto C13,1094400.0,8.89,1603600.0,18.95,621100.0,0.93
2015-07-01,Toronto C14,626300.0,4.36,1233700.0,11.04,413900.0,1.04
2015-08-01,Toronto C14,641900.0,4.89,1243000.0,10.89,428300.0,1.98
2015-09-01,Toronto C14,641600.0,6.19,1273900.0,12.83,422500.0,3.07
2015-10-01,Toronto C14,642600.0,7.75,1244000.0,9.35,425800.0,6.48
2015-11-01,Toronto C14,644000.0,6.28,1242400.0,8.33,426300.0,5.02
2015-12-01,Toronto C14,626600.0,4.0,1267900.0,8.7,405100.0,1.51
2016-01-01,Toronto C14,634700.0,6.26,1334600.0,14.37,410400.0,3.95
2016-02-01,Toronto C14,639200.0,6.88,1286300.0,10.59,413700.0,4.64
2016-03-01,Toronto C14,668000.0,7.79,1335600.0,13.25,436400.0,4.83
2016-04-01,Toronto C14,682700.0,10.45,1384500.0,15.89,441900.0,7.4
2016-05-01,Toronto C14,695600.0,12.16,1475600.0,21.1,439400.0,7.77
2016-06-01,Toronto C14,689100.0,9.39,1527700.0,22.43,421800.0,1.76
2016-07-01,Toronto C14,701700.0,12.17,1525100.0,23.61,433300.0,4.68
2016-08-01,Toronto C14,719000.0,12.08,1538000.0,23.8,450200.0,5.11
2016-09-01,Toronto C14,740800.0,15.53,1573300.0,23.56,466300.0,10.36
2016-10-01,Toronto C14,741400.0,15.45,1629700.0,31.01,459000.0,7.8
2016-11-01,Toronto C14,759500.0,18.0,1661700.0,33.81,474100.0,11.21
2016-12-01,Toronto C14,770300.0,23.01,1694800.0,33.68,480900.0,18.68
2017-01-01,Toronto C14,761100.0,23.76,1713300.0,35.92,492100.0,19.8
2017-02-01,Toronto C14,784800.0,25.83,1743600.0,36.16,513700.0,24.01
2017-03-01,Toronto C14,845000.0,29.74,1857200.0,39.67,560600.0,28.3
2017-04-01,Toronto C14,901300.0,35.4,1963800.0,42.46,600100.0,35.63
2017-05-01,Toronto C14,923200.0,36.38,1978400.0,34.5,614700.0,39.73
2017-06-01,Toronto C14,894400.0,36.34,1878800.0,23.37,615000.0,45.62
2017-07-01,Toronto C14,857200.0,28.29,1783100.0,17.25,586300.0,35.11
2017-08-01,Toronto C14,843400.0,23.04,1677100.0,9.31,593600.0,31.68
2017-09-01,Toronto C14,848700.0,20.47,1691700.0,8.35,599400.0,28.37
2017-10-01,Toronto C14,834100.0,17.83,1631100.0,0.33,596300.0,29.75
2017-11-01,Toronto C14,832200.0,14.9,1597000.0,-3.66,597800.0,25.94
2017-12-01,Toronto C14,830200.0,12.84,1602400.0,-5.22,596800.0,23.95
2018-01-01,Toronto C14,819400.0,9.53,1557500.0,-9.09,590800.0,20.0
2018-02-01,Toronto C14,848500.0,10.05,1583500.0,-9.16,617500.0,20.2
2018-03-01,Toronto C14,859000.0,3.26,1558600.0,-16.08,633600.0,13.03
2018-04-01,Toronto C14,872400.0,-1.95,1595400.0,-18.76,642700.0,7.09
2018-05-01,Toronto C14,871400.0,-4.17,1602400.0,-19.0,639700.0,4.1
2018-06-01,Toronto C14,863200.0,-3.47,1565600.0,-16.67,635400.0,3.32
2018-07-01,Toronto C14,856400.0,-0.08,1535300.0,-13.9,632300.0,7.86
2018-08-01,Toronto C14,866200.0,2.71,1538600.0,-8.26,642400.0,8.23
2018-09-01,Toronto C14,871400.0,2.7,1511000.0,-10.68,652500.0,8.87
2018-10-01,Toronto C14,848800.0,1.76,1480100.0,-9.25,633400.0,6.21
2018-11-01,Toronto C14,854700.0,2.71,1476900.0,-7.52,639100.0,6.91
2018-12-01,Toronto C14,855700.0,3.07,1446600.0,-9.72,642900.0,7.72
2019-01-01,Toronto C14,864200.0,5.47,1442300.0,-7.4,652500.0,10.44
2019-02-01,Toronto C14,877300.0,3.39,1427700.0,-9.84,669400.0,8.4
2019-03-01,Toronto C14,881500.0,2.63,1439000.0,-7.67,674200.0,6.4
2019-04-01,Toronto C14,879900.0,0.86,1416800.0,-11.19,677200.0,5.37
2019-05-01,Toronto C14,897200.0,2.96,1447100.0,-9.69,689500.0,7.8
2019-06-01,Toronto C14,901800.0,4.47,1443900.0,-7.77,694800.0,9.35
2019-07-01,Toronto C14,894600.0,4.47,1429800.0,-6.87,688000.0,8.8
2019-08-01,Toronto C14,896300.0,3.47,1429300.0,-7.1,689300.0,7.29
2019-09-01,Toronto C14,898500.0,3.11,1415800.0,-6.3,693300.0,6.25
2019-10-01,Toronto C14,900500.0,6.09,1440100.0,-2.7,695300.0,9.78
2019-11-01,Toronto C14,898200.0,5.09,1439000.0,-2.56,692300.0,8.31
2019-12-01,Toronto C14,905100.0,5.77,1425500.0,-1.46,698100.0,8.58
2020-01-01,Toronto C14,924000.0,6.92,1433600.0,-0.6,714200.0,9.46
2020-02-01,Toronto C14,939700.0,7.12,1437900.0,0.72,728300.0,8.8
2020-03-01,Toronto C14,969800.0,10.01,1461700.0,1.58,754000.0,11.84
2020-04-01,Toronto C14,983900.0,11.82,1484500.0,4.77,761800.0,12.5
2020-05-01,Toronto C14,973200.0,8.45,1482200.0,2.43,754700.0,9.46
2020-06-01,Toronto C14,943800.0,4.64,1470800.0,1.87,728500.0,4.86
2020-07-01,Toronto C14,963400.0,7.68,1546000.0,8.13,738600.0,7.36
2020-08-01,Toronto C14,959200.0,7.0,1540600.0,7.8,737900.0,7.05
2020-09-01,Toronto C14,947700.0,5.5,1524900.0,7.72,727300.0,4.9
2020-10-01,Toronto C14,933700.0,3.67,1508700.0,4.73,714900.0,2.83
2020-11-01,Toronto C14,929100.0,3.42,1522200.0,5.79,708700.0,2.36
2020-12-01,Toronto C14,913400.0,0.9,1528700.0,7.33,693300.0,-0.69
2021-01-01,Toronto C14,927100.0,0.32,1552000.0,8.31,699800.0,-2.01
2021-02-01,Toronto C14,949000.0,1.04,1608300.0,12.15,715200.0,-1.8
2021-03-01,Toronto C14,973200.0,0.34,1660700.0,13.49,732600.0,-2.84
2015-07-01,Toronto C15,631900.0,11.5,1045300.0,14.48,351700.0,8.04
2015-08-01,Toronto C15,633200.0,10.12,1052300.0,14.02,351500.0,4.52
2015-09-01,Toronto C15,625900.0,9.15,1043000.0,13.75,345400.0,3.87
2015-10-01,Toronto C15,631200.0,7.64,1045800.0,11.44,351500.0,2.1
2015-11-01,Toronto C15,636200.0,7.94,1056600.0,10.44,353800.0,3.91
2015-12-01,Toronto C15,629500.0,6.32,1059400.0,9.6,344300.0,1.8
2016-01-01,Toronto C15,632200.0,7.38,1106400.0,14.51,334900.0,0.77
2016-02-01,Toronto C15,643200.0,8.39,1111100.0,13.34,347300.0,4.5
2016-03-01,Toronto C15,667300.0,12.32,1157900.0,16.24,359700.0,11.6
2016-04-01,Toronto C15,687000.0,11.5,1205300.0,20.76,362700.0,2.31
2016-05-01,Toronto C15,709100.0,13.91,1276500.0,26.77,364100.0,2.23
2016-06-01,Toronto C15,726100.0,15.35,1322500.0,28.81,366700.0,3.09
2016-07-01,Toronto C15,738500.0,16.88,1355200.0,29.58,370900.0,5.45
2016-08-01,Toronto C15,743800.0,17.72,1365600.0,29.81,374200.0,6.52
2016-09-01,Toronto C15,733800.0,17.32,1349700.0,29.39,372300.0,7.71
2016-10-01,Toronto C15,759900.0,20.39,1417200.0,35.5,377400.0,7.38
2016-11-01,Toronto C15,772900.0,21.56,1463600.0,38.57,379300.0,7.13
2016-12-01,Toronto C15,774200.0,23.06,1470200.0,38.82,383000.0,11.35
2017-01-01,Toronto C15,740400.0,22.25,1505300.0,36.95,385100.0,14.6
2017-02-01,Toronto C15,753100.0,22.05,1533000.0,36.84,390700.0,12.75
2017-03-01,Toronto C15,790600.0,23.62,1629800.0,39.57,411600.0,14.56
2017-04-01,Toronto C15,852600.0,29.74,1769700.0,45.69,441600.0,21.81
2017-05-01,Toronto C15,877400.0,29.4,1786600.0,38.31,465300.0,27.78
2017-06-01,Toronto C15,869100.0,26.32,1737300.0,29.64,479900.0,30.88
2017-07-01,Toronto C15,835000.0,20.01,1532100.0,11.63,496000.0,33.9
2017-08-01,Toronto C15,806800.0,14.93,1439100.0,3.86,487600.0,30.49
2017-09-01,Toronto C15,805500.0,15.76,1475300.0,7.9,482300.0,30.11
2017-10-01,Toronto C15,799700.0,11.59,1462600.0,1.76,481300.0,27.7
2017-11-01,Toronto C15,805200.0,10.61,1480000.0,-0.32,485100.0,28.05
2017-12-01,Toronto C15,801300.0,9.78,1460300.0,-2.26,489200.0,27.98
2018-01-01,Toronto C15,795400.0,8.26,1414200.0,-6.05,497400.0,29.17
2018-02-01,Toronto C15,794100.0,6.3,1419400.0,-7.5,498100.0,27.42
2018-03-01,Toronto C15,797100.0,1.49,1403900.0,-13.86,508300.0,23.5
2018-04-01,Toronto C15,803200.0,-5.21,1416100.0,-19.98,512700.0,16.05
2018-05-01,Toronto C15,805200.0,-7.49,1423200.0,-20.34,509000.0,9.45
2018-06-01,Toronto C15,803500.0,-7.54,1387900.0,-20.11,516000.0,7.51
2018-07-01,Toronto C15,798700.0,-4.35,1353700.0,-11.65,519700.0,4.78
2018-08-01,Toronto C15,801900.0,-0.6,1377100.0,-4.31,519000.0,6.44
2018-09-01,Toronto C15,789600.0,-1.97,1351800.0,-8.37,513000.0,6.36
2018-10-01,Toronto C15,785400.0,-1.79,1329300.0,-9.12,513000.0,6.57
2018-11-01,Toronto C15,791200.0,-1.73,1326900.0,-10.34,519900.0,7.19
2018-12-01,Toronto C15,785400.0,-1.98,1300100.0,-10.96,518100.0,5.89
2019-01-01,Toronto C15,781500.0,-1.75,1282800.0,-9.3,518300.0,4.21
2019-02-01,Toronto C15,780200.0,-1.76,1260200.0,-11.21,520200.0,4.44
2019-03-01,Toronto C15,788300.0,-1.1,1291200.0,-8.03,526400.0,3.57
2019-04-01,Toronto C15,795400.0,-0.97,1312300.0,-7.33,534800.0,4.31
2019-05-01,Toronto C15,803500.0,-0.2,1339600.0,-5.87,538800.0,5.85
2019-06-01,Toronto C15,804200.0,0.08,1332100.0,-4.03,541600.0,4.96
2019-07-01,Toronto C15,805200.0,0.85,1304400.0,-3.68,550400.0,5.95
2019-08-01,Toronto C15,804500.0,0.32,1306700.0,-5.11,549200.0,5.82
2019-09-01,Toronto C15,796400.0,0.86,1323600.0,-2.08,539500.0,5.17
2019-10-01,Toronto C15,804500.0,2.44,1366800.0,2.83,541600.0,5.58
2019-11-01,Toronto C15,808700.0,2.21,1365400.0,2.9,545300.0,4.87
2019-12-01,Toronto C15,821700.0,4.63,1357000.0,4.37,560400.0,8.17
2020-01-01,Toronto C15,832400.0,6.52,1330200.0,3.7,574300.0,10.81
2020-02-01,Toronto C15,850900.0,9.07,1344300.0,6.67,592200.0,13.86
2020-03-01,Toronto C15,871700.0,10.58,1367300.0,5.89,608300.0,15.55
2020-04-01,Toronto C15,892100.0,12.16,1395900.0,6.41,621500.0,16.27
2020-05-01,Toronto C15,890500.0,10.87,1430200.0,6.76,614300.0,14.03
2020-06-01,Toronto C15,881100.0,9.56,1407600.0,5.68,606400.0,11.98
2020-07-01,Toronto C15,883300.0,9.71,1446100.0,10.87,600600.0,9.13
2020-08-01,Toronto C15,886300.0,10.17,1437700.0,10.03,601800.0,9.57
2020-09-01,Toronto C15,886600.0,11.33,1445700.0,9.22,603200.0,11.81
2020-10-01,Toronto C15,878500.0,9.2,1413300.0,3.4,598300.0,10.48
2020-11-01,Toronto C15,864800.0,6.99,1395400.0,2.2,585000.0,7.29
2020-12-01,Toronto C15,868400.0,5.69,1413300.0,4.15,583600.0,4.11
2021-01-01,Toronto C15,881100.0,5.89,1458800.0,9.67,587400.0,2.35
2021-02-01,Toronto C15,904400.0,6.33,1508100.0,12.23,603600.0,1.96
2021-03-01,Toronto C15,929700.0,6.66,1551800.0,13.46,620400.0,2.03
